{"type":"FeatureCollection","features":[{"type":"Feature","id":"And","properties":{"name":"Andromeda","desig":"And","gen":"Andromedae","rank":"1","en":"Andromeda","lat":"Andromeda","ar":"المرأة المسلسلة","cn":"仙女座","cz":"Andromeda","ir":"زن به زنجیر بسته","ee":"Andromeeda","fi":"Andromeda","fr":"Andromède","de":"Andromeda","gr":"Ανδρομέδα","it":"Andromeda","jp":"アンドロメダ座","kr":"안드로메다자리","in":"देवयानी","ru":"Андромеда","es":"Andrómeda","tr":"Andromeda","il":"אנדרומדה","display":[-350,37,118]},"geometry":{"type":"Point","coordinates":[0.75,43]}},{"type":"Feature","id":"Ant","properties":{"name":"Antlia","desig":"Ant","gen":"Antliae","rank":"3","en":"Air Pump","lat":"Antlia","ar":"مفرغة الهواء","cn":"唧筒座","cz":"Vývěva","ir":"تلمبه","ee":"Pump","fi":"Ilmapumppu","fr":"Machine Pneumatique","de":"Luftpumpe","gr":"Αντλία","it":"Macchina Pneumatica","jp":"ポンプ座","kr":"공기펌프자리","in":"वाताकर्षक","ru":"Насос","es":"Máquina Neumática","tr":"Pompa","il":"משאבה","display":[154.1067,-32.4836,60]},"geometry":{"type":"Point","coordinates":[156,-36]}},{"type":"Feature","id":"Aps","properties":{"name":"Apus","desig":"Aps","gen":"Apodis","rank":"3","en":"Bird of Paradise","lat":"Apus","ar":"طائر الفردوس","cn":"天燕座","cz":"Rajka","ir":"مرغ بهشتی","ee":"Paradiisilind","fi":"Paratiisilintu","fr":"Oiseau de Paradis","de":"Paradiesvogel","gr":"Πτηνόν","it":"Uccello del Paradiso","jp":"ふうちょう座","kr":"극락조자리","in":"कपोत","ru":"Райская Птица","es":"Ave del Paraíso","tr":"Cennetkuşu","il":"ציפור גן עדן","display":[-118,-75,47]},"geometry":{"type":"Point","coordinates":[-120,-74]}},{"type":"Feature","id":"Aqr","properties":{"name":"Aquarius","desig":"Aqr","gen":"Aquarii","rank":"2","en":"Aquarius","lat":"Aquarius","ar":"الدلو","cn":"寶瓶座","cz":"Vodnář","ir":"آب‌ریز","ee":"Veevalaja","fi":"Vesimies","fr":"Verseau","de":"Wassermann","gr":"Υδροχόος","it":"Acquario","jp":"みずがめ座","kr":"물병자리","in":"कुंभ","ru":"Водолей","es":"Acuario","tr":"Kova","il":"דלי","display":[-25,-11,115]},"geometry":{"type":"Point","coordinates":[-22.5,-5]}},{"type":"Feature","id":"Aql","properties":{"name":"Aquila","desig":"Aql","gen":"Aquilae","rank":"1","en":"Eagle","lat":"Aquila","ar":"العقاب","cn":"天鷹座","cz":"Orel","ir":"شاهین","ee":"Kotkas","fi":"Kotka","fr":"Aigle","de":"Adler","gr":"Αετός","it":"Aquila","jp":"わし座","kr":"독수리자리","in":"गरुड","ru":"Орёл","es":"Águila","tr":"Kartal","il":"נשר","display":[-64.9946,3.4109,64]},"geometry":{"type":"Point","coordinates":[-69,8]}},{"type":"Feature","id":"Ara","properties":{"name":"Ara","desig":"Ara","gen":"Arae","rank":"3","en":"Altar","lat":"Ara","ar":"المجمرة","cn":"天壇座","cz":"Oltář","ir":"آتش‌دان","ee":"Altar","fi":"Alttari","fr":"Autel","de":"Altar","gr":"Βωμός","it":"Altare","jp":"さいだん座","kr":"제단자리","in":"पीठ","ru":"Жертвенник","es":"Altar","tr":"Sunak","il":"מזבח","display":[-99.3786,-56.5883,59]},"geometry":{"type":"Point","coordinates":[-102,-56]}},{"type":"Feature","id":"Ari","properties":{"name":"Aries","desig":"Ari","gen":"Arietis","rank":"1","en":"Ram","lat":"Aries","ar":"الحمل","cn":"白羊座","cz":"Beran","ir":"بره","ee":"Jäär","fi":"Oinas","fr":"Bélier","de":"Widder","gr":"Κριός","it":"Ariete","jp":"おひつじ座","kr":"양자리","in":"मेष","ru":"Овен","es":"Carnero","tr":"Koç","il":"טלה","display":[39.5412,20.7923,61]},"geometry":{"type":"Point","coordinates":[42,22]}},{"type":"Feature","id":"Aur","properties":{"name":"Auriga","desig":"Aur","gen":"Aurigae","rank":"1","en":"Charioteer","lat":"Auriga","ar":"ممسك الأعنة","cn":"御夫座","cz":"Vozka","ir":"ارّابه‌ران","ee":"Veomees","fi":"Ajomies","fr":"Cocher","de":"Fuhrmann","gr":"Ηνίοχος","it":"Auriga","jp":"ぎょしゃ座","kr":"마차부자리","in":"सारथी","ru":"Возничий","es":"Cochero","tr":"Arabacı","il":"עגלון","display":[91,42,88]},"geometry":{"type":"Point","coordinates":[82.5,37]}},{"type":"Feature","id":"Boo","properties":{"name":"Boötes","desig":"Boo","gen":"Boötis","rank":"1","en":"Herdsman","lat":"Bootes","ar":"العواء","cn":"牧夫座","cz":"Pastýř","ir":"مَتراک","ee":"Karjane","fi":"Karhunvartija","fr":"Bouvier","de":"Bärenhüter","gr":"Βοώτης","it":"Boote","jp":"うしかい座","kr":"목동자리","in":"भूतप","ru":"Волопас","es":"Boyero","tr":"Çoban","il":"רועה דובים","display":[-140,31,108]},"geometry":{"type":"Point","coordinates":[-136.5,35]}},{"type":"Feature","id":"Cae","properties":{"name":"Caelum","desig":"Cae","gen":"Caeli","rank":"3","en":"Graving tool","lat":"Caelum","ar":"آلة النقاش","cn":"雕具座","cz":"Rydlo","ir":"اِسکِنِه","ee":"Uurits","fi":"Veistotaltta","fr":"Burin","de":"Grabstichel","gr":"Γλυφείον","it":"Bulino dello Incisore","jp":"ちょうこくぐ座","kr":"조각칼자리","in":"टंक","ru":"Резец","es":"Cincel","tr":"Çelikkalem","il":"מפסלת","display":[70.5687,-37.8817,46]},"geometry":{"type":"Point","coordinates":[73.5,-42]}},{"type":"Feature","id":"Cam","properties":{"name":"Camelopardalis","desig":"Cam","gen":"Camelopardalis","rank":"2","en":"Giraffe","lat":"Camelopardalis","ar":"الزرافة","cn":"鹿豹座","cz":"Žirafa","ir":"زرّافه","ee":"Kaelkirjak","fi":"Kirahvi","fr":"Girafe","de":"Giraffe","gr":"Καμηλοπάρδαλις","it":"Giraffa","jp":"きりん座","kr":"기린자리","in":"करभ","ru":"Жираф","es":"Jirafa","tr":"Zürafa","il":"ג'ירף","display":[80,70,160]},"geometry":{"type":"Point","coordinates":[84,72]}},{"type":"Feature","id":"Cnc","properties":{"name":"Cancer","desig":"Cnc","gen":"Cancri","rank":"2","en":"Crab","lat":"Cancer","ar":"السرطان","cn":"巨蟹座","cz":"Rak","ir":"خرچنگ","ee":"Vähk","fi":"Krapu","fr":"Cancer","de":"Krebs","gr":"Καρκίνος","it":"Cancro","jp":"かに座","kr":"게자리","in":"कर्क","ru":"Рак","es":"Cangrejo","tr":"Yengeç","il":"סרטן","display":[129.7392,19.8058,57]},"geometry":{"type":"Point","coordinates":[128.25,27]}},{"type":"Feature","id":"CVn","properties":{"name":"Canes Venatici","desig":"CVn","gen":"Canum Venaticorum","rank":"2","en":"Hunting Dogs","lat":"Canes Venatici","ar":"السلوقيان","cn":"獵犬座","cz":"Honicí psi","ir":"تازی‌ها","ee":"Jahipenid","fi":"Ajokoirat","fr":"Chiens de Chasse","de":"Jagdhunde","gr":"Κύνες Θηρευτικοί","it":"Cani da Caccia","jp":"りょうけん座","kr":"사냥개자리","in":"श्याम शबल","ru":"Гончие Псы","es":"Lebreles","tr":"Av Köpekleri","il":"כלבי ציד","display":[-163.2598,40.1018,65]},"geometry":{"type":"Point","coordinates":[-168,43]}},{"type":"Feature","id":"CMa","properties":{"name":"Canis Major","desig":"CMa","gen":"Canis Majoris","rank":"1","en":"Great Dog","lat":"Canis Maior","ar":"الكلب الأكبر","cn":"大犬座","cz":"Velký pes","ir":"سگِ مِهتَر","ee":"Suur Peni","fi":"Iso koira","fr":"Grand Chien","de":"Großer Hund","gr":"Κύων Μέγας","it":"Cane Maggiore","jp":"おおいぬ座","kr":"큰개자리","in":"बृहद् लुब्धक","ru":"Большой Пёс","es":"Perro Mayor","tr":"Büyük Köpek","il":"כלב גדול","display":[102.4362,-22.1403,54]},"geometry":{"type":"Point","coordinates":[97.5,-26]}},{"type":"Feature","id":"CMi","properties":{"name":"Canis Minor","desig":"CMi","gen":"Canis Minoris","rank":"2","en":"Little Dog","lat":"Canis Minor","ar":"الكلب الأصغر","cn":"小犬座","cz":"Malý pes","ir":"سگِ کِهتَر","ee":"Väike Peni","fi":"Pieni koira","fr":"Petit Chien","de":"Kleiner Hund","gr":"Κύων Μικρός","it":"Cane Minore","jp":"こいぬ座","kr":"작은개자리","in":"लघु लुब्धक","ru":"Малый Пёс","es":"Perro Menor","tr":"Küçük Köpek","il":"כלב קטן","display":[114.7929,6.4272,51]},"geometry":{"type":"Point","coordinates":[109.5,5]}},{"type":"Feature","id":"Cap","properties":{"name":"Capricornus","desig":"Cap","gen":"Capricorni","rank":"2","en":"Capricorn","lat":"Capricornus","ar":"الجدي","cn":"摩羯座","cz":"Kozoroh","ir":"بُزماهی","ee":"Kaljukits","fi":"Kauris","fr":"Capricorne","de":"Steinbock","gr":"Αιγόκερως","it":"Capricorno","jp":"やぎ座","kr":"염소자리","in":"मकर","ru":"Козерог","es":"Capricornio","tr":"Oğlak","il":"גדי","display":[-44.268,-18.0232,63]},"geometry":{"type":"Point","coordinates":[-45,-22]}},{"type":"Feature","id":"Car","properties":{"name":"Carina","desig":"Car","gen":"Carinae","rank":"1","en":"Keel","lat":"Carina","ar":"القاعدة","cn":"船底座","cz":"Lodní kýl","ir":"شاه‌تخته","ee":"Kiil","fi":"Köli","fr":"Carène","de":"Kiel des Schiffs","gr":"Τρόπις","it":"Carena","jp":"りゅうこつ座","kr":"용골자리","in":"नौकातल","ru":"Киль","es":"Carina","tr":"Karina","il":"שדרית","display":[130.4248,-63.2193,114]},"geometry":{"type":"Point","coordinates":[144,-66]}},{"type":"Feature","id":"Cas","properties":{"name":"Cassiopeia","desig":"Cas","gen":"Cassiopeiae","rank":"1","en":"Cassiopeia","lat":"Cassiopeia","ar":"الكرسي","cn":"仙后座","cz":"Kasiopeja","ir":"خداوندِ اورُنگ","ee":"Kassiopeia","fi":"Kassiopeia","fr":"Cassiopée","de":"Kassiopeia","gr":"Κασσιόπη","it":"Cassiopeia","jp":"カシオペヤ座","kr":"카시오페이아자리","in":"शर्मिष्ठा","ru":"Кассиопея","es":"Casiopea","tr":"Koltuk","il":"קסיופאה","display":[-340.2111,62.184,106]},"geometry":{"type":"Point","coordinates":[-6,55.5]}},{"type":"Feature","id":"Cen","properties":{"name":"Centaurus","desig":"Cen","gen":"Centauri","rank":"1","en":"Centaur","lat":"Centaurus","ar":"قنطور","cn":"半人馬座","cz":"Kentaur","ir":"قنطورُس","ee":"Kentaur","fi":"Kentauri","fr":"Centaure","de":"Zentaur","gr":"Κένταυρος","it":"Centauro","jp":"ケンタウルス座","kr":"센타우루스자리","in":"नरतुरंग","ru":"Центавр","es":"Centauro","tr":"Erboğa","il":"קנטאור","display":[-164,-47,115]},"geometry":{"type":"Point","coordinates":[-160.5,-40]}},{"type":"Feature","id":"Cep","properties":{"name":"Cepheus","desig":"Cep","gen":"Cephei","rank":"2","en":"Cepheus","lat":"Cepheus","ar":"الملتهب","cn":"仙王座","cz":"Kefeus","ir":"کیکاوُس","ee":"Kefeus","fi":"Kefeus","fr":"Céphée","de":"Kepheus","gr":"Κηφεύς","it":"Cefeo","jp":"ケフェウス座","kr":"세페우스자리","in":"वृषपर्वा","ru":"Цефей","es":"Cefeo","tr":"Kral","il":"קפאוס","display":[-18,73,78]},"geometry":{"type":"Point","coordinates":[-22.5,71]}},{"type":"Feature","id":"Cet","properties":{"name":"Cetus","desig":"Cet","gen":"Ceti","rank":"1","en":"Whale","lat":"Cetus","ar":"قيطس","cn":"鯨魚座","cz":"Velryba","ir":"وال","ee":"Vaal","fi":"Valaskala","fr":"Baleine","de":"Walfisch","gr":"Κήτος","it":"Balena","jp":"くじら座","kr":"고래자리","in":"तिमिंगिल","ru":"Кит","es":"Ballena","tr":"Balina","il":"לווייתן","display":[-335,-7,117]},"geometry":{"type":"Point","coordinates":[28.5,-5]}},{"type":"Feature","id":"Cha","properties":{"name":"Chamaeleon","desig":"Cha","gen":"Chamaeleontis","rank":"3","en":"Chamaeleon","lat":"Chamaeleon","ar":"الحرباء","cn":"蝘蜒座","cz":"Chameleón","ir":"هورپا","ee":"Kameeleon","fi":"Kameleontti","fr":"Caméléon","de":"Chamäleon","gr":"Χαμαιλέων","it":"Camaleonte","jp":"カメレオン座","kr":"카멜레온자리","in":"वायुभक्ष","ru":"Хамелеон","es":"Camaleón","tr":"Bukalemun","il":"זיקית","display":[160,-79,95]},"geometry":{"type":"Point","coordinates":[-171,-81]}},{"type":"Feature","id":"Cir","properties":{"name":"Circinus","desig":"Cir","gen":"Circini","rank":"3","en":"Compass","lat":"Circinus","ar":"البيكار","cn":"圓規座","cz":"Kružítko","ir":"دوپَرگار","ee":"Sirkel","fi":"Harppi","fr":"Compas","de":"Zirkel","gr":"Διαβήτης","it":"Compasso","jp":"コンパス座","kr":"컴퍼스자리","in":"कर्काटक","ru":"Циркуль","es":"Compás","tr":"Pergel","il":"מחוגה","display":[-141.365,-63.0304,63]},"geometry":{"type":"Point","coordinates":[-142.5,-67]}},{"type":"Feature","id":"Col","properties":{"name":"Columba","desig":"Col","gen":"Columbae","rank":"3","en":"Dove","lat":"Columba","ar":"الحمامة","cn":"天鴿座","cz":"Holubice","ir":"کبوتر","ee":"Tuvi","fi":"Kyyhkynen","fr":"Colombe","de":"Taube","gr":"Περιστερά","it":"Colomba","jp":"はと座","kr":"비둘기자리","in":"पारावत","ru":"Голубь","es":"Paloma","tr":"Güvercin","il":"יונה","display":[87.9392,-35.0944,59]},"geometry":{"type":"Point","coordinates":[85.5,-39]}},{"type":"Feature","id":"Com","properties":{"name":"Coma Berenices","desig":"Com","gen":"Comae Berenices","rank":"3","en":"Berenice's Hair","lat":"Coma Berenices","ar":"الهلبة","cn":"后髮座","cz":"Vlasy Bereniky","ir":"گیسویِ بِرِنیسه","ee":"Berenike Juuksed","fi":"Bereniken hiukset","fr":"Chevelure de Bérénice","de":"Haar der Berenike","gr":"Κόμη Βερενίκης","it":"Chioma di Berenice","jp":"かみのけ座","kr":"머리털자리","in":"अरुंधती केश","ru":"Волосы Вероники","es":"Pelo de Berenice","tr":"Berenis'in Saçı","il":"שיערות ברניקי","display":[-168.1833,23.3057,59]},"geometry":{"type":"Point","coordinates":[-166.5,24]}},{"type":"Feature","id":"CrA","properties":{"name":"Corona Austrina","desig":"CrA","gen":"Coronae Austrini","rank":"3","en":"Southern Crown","lat":"Corona Australis","ar":"الإكليل الجنوبي","cn":"南冕座","cz":"Jižní koruna","ir":"افسرِ نیم‌روز","ee":"Lõunakroon","fi":"Etelän kruunu","fr":"Couronne Australe","de":"Südliche Krone","gr":"Στέφανος Νότιος","it":"Corona Australe","jp":"みなみのかんむり座","kr":"남쪽왕관자리","in":"दक्षिण मुकुट","ru":"Южная Корона","es":"Corona Austral","tr":"Güneytacı","il":"כתר דרומי","display":[-80.3024,-41.1475,55]},"geometry":{"type":"Point","coordinates":[-78,-40]}},{"type":"Feature","id":"CrB","properties":{"name":"Corona Borealis","desig":"CrB","gen":"Coronae Borealis","rank":"2","en":"Northern Crown","lat":"Corona Borealis","ar":"الإكليل الشمالي","cn":"北冕座","cz":"Severní koruna","ir":"افسرِ شمالی","ee":"Põhjakroon","fi":"Pohjan kruunu","fr":"Couronne Boréale","de":"Nördliche Krone","gr":"Στέφανος Βόρειος","it":"Corona Boreale","jp":"かんむり座","kr":"북쪽왕관자리","in":"उत्तर मुकुट","ru":"Северная Корона","es":"Corona Boreal","tr":"Kuzeytacı","il":"כתר צפוני","display":[-122.3521,32.6249,52]},"geometry":{"type":"Point","coordinates":[-121.5,32]}},{"type":"Feature","id":"Crv","properties":{"name":"Corvus","desig":"Crv","gen":"Corvi","rank":"3","en":"Crow","lat":"Corvus","ar":"الغراب","cn":"烏鴉座","cz":"Havran","ir":"کلاغ","ee":"Kaaren","fi":"Korppi","fr":"Corbeau","de":"Rabe","gr":"Κόραξ","it":"Corvo","jp":"からす座","kr":"남십자자리","in":"ध्वांक्ष","ru":"Ворон","es":"Cuervo","tr":"Karga","il":"עורב","display":[-173.3709,-18.4366,50]},"geometry":{"type":"Point","coordinates":[-174,-19.5]}},{"type":"Feature","id":"Crt","properties":{"name":"Crater","desig":"Crt","gen":"Crateris","rank":"3","en":"Cup","lat":"Crater","ar":"الباطية","cn":"巨爵座","cz":"Pohár","ir":"پیاله","ee":"Karikas","fi":"Malja","fr":"Coupe","de":"Becher","gr":"Κρατήρ","it":"Coppa","jp":"コップ座","kr":"컵자리","in":"चषक","ru":"Чаша","es":"Copa","tr":"Kupa","il":"גביע","display":[170.9371,-15.929,51]},"geometry":{"type":"Point","coordinates":[174.75,-15]}},{"type":"Feature","id":"Cru","properties":{"name":"Crux","desig":"Cru","gen":"Crux","rank":"2","en":"Cross","lat":"Crux","ar":"صليب الجنوب","cn":"南十字座","cz":"Jižní kříž","ir":"چَلیپا","ee":"Lõunarist","fi":"Etelän risti","fr":"Croix du Sud","de":"Kreuz des Südens","gr":"Σταυρός Νότιος","it":"Croce del Sud","jp":"みなみじゅうじ座","kr":"남십자자리","in":"त्रिशंकु","ru":"Южный Крест","es":"Cruz del Sur","tr":"Haç","il":"הצלב הדרומי","display":[-173.2521,-60.1864,50]},"geometry":{"type":"Point","coordinates":[-166.5,-62]}},{"type":"Feature","id":"Cyg","properties":{"name":"Cygnus","desig":"Cyg","gen":"Cygni","rank":"1","en":"Swan","lat":"Cygnus","ar":"الدجاجة","cn":"天鵝座","cz":"Labuť","ir":"قو","ee":"Luik","fi":"Joutsen","fr":"Cygne","de":"Schwan","gr":"Κύκνος","it":"Cigno","jp":"はくちょう座","kr":"고니자리","in":"हंस","ru":"Лебедь","es":"Cisne","tr":"Kuğu","il":"ברבור","display":[-51.1804,44.5451,79]},"geometry":{"type":"Point","coordinates":[-52.5,50]}},{"type":"Feature","id":"Del","properties":{"name":"Delphinus","desig":"Del","gen":"Delphini","rank":"3","en":"Dolphin","lat":"Delphinus","ar":"الدلفين","cn":"海豚座","cz":"Delfín","ir":"دُلفین","ee":"Delfiin","fi":"Delfiini","fr":"Dauphin","de":"Delphin","gr":"Δελφίν","it":"Delfino","jp":"いるか座","kr":"돌고래자리","in":"तिमि","ru":"Дельфин","es":"Delfín","tr":"Yunus","il":"דולפין","display":[-49.5963,11.671,49]},"geometry":{"type":"Point","coordinates":[-51,6]}},{"type":"Feature","id":"Dor","properties":{"name":"Dorado","desig":"Dor","gen":"Doradus","rank":"3","en":"Goldfish","lat":"Dorado","ar":"أبو سيف","cn":"劍魚座","cz":"Mečoun","ir":"زَرماهی","ee":"Kuldkala","fi":"Kultakala","fr":"Dorade","de":"Goldfisch","gr":"Δοράς","it":"Pesce Dorato","jp":"かじき座","kr":"황새치자리","in":"असिदंष्ट्र","ru":"Золотая Рыба","es":"Pez dorado","tr":"Kılıçbalığı","il":"דג זהב","display":[78.628,-59.3871,76]},"geometry":{"type":"Point","coordinates":[76.5,-64]}},{"type":"Feature","id":"Dra","properties":{"name":"Draco","desig":"Dra","gen":"Draconis","rank":"2","en":"Dragon","lat":"Draco","ar":"التنين","cn":"天龍座","cz":"Drak","ir":"اژدها","ee":"Lohe","fi":"Lohikäärme","fr":"Dragon","de":"Drache","gr":"Δράκων","it":"Dragone","jp":"りゅう座","kr":"용자리","in":"कालेय","ru":"Дракон","es":"Dragón","tr":"Ejderha","il":"דרקון","display":[-132.8393,67.0066,208]},"geometry":{"type":"Point","coordinates":[-91.5,64]}},{"type":"Feature","id":"Equ","properties":{"name":"Equuleus","desig":"Equ","gen":"Equulei","rank":"3","en":"Colt","lat":"Equuleus","ar":"قطعة الفرس","cn":"小馬座","cz":"Koníček","ir":"پاره‌یِ اسب","ee":"Hobu","fi":"Pieni hevonen","fr":"Petit Cheval","de":"Füllen","gr":"Ιππάριον","it":"Cavallo","jp":"こうま座","kr":"조랑말자리","in":"अश्वमुख","ru":"Малый Конь","es":"Caballito","tr":"Tay","il":"סוסון","display":[-42.1855,7.7582,43]},"geometry":{"type":"Point","coordinates":[-39.75,11.5]}},{"type":"Feature","id":"Eri","properties":{"name":"Eridanus","desig":"Eri","gen":"Eridani","rank":"1","en":"Eridanus","lat":"Eridanus","ar":"النهر","cn":"波江座","cz":"Eridanus","ir":"رودخانه","ee":"Eriidanus","fi":"Eridanus","fr":"Eridan","de":"Eridanus","gr":"Ηριδανός","it":"Fiume Eridano","jp":"エリダヌス座","kr":"에리다누스자리","in":"यमुना","ru":"Эридан","es":"Erídano","tr":"Irmak","il":"ארידנוס","display":[50,-28,129]},"geometry":{"type":"Point","coordinates":[52.5,-18]}},{"type":"Feature","id":"For","properties":{"name":"Fornax","desig":"For","gen":"Fornacis","rank":"3","en":"Furnace","lat":"Fornax","ar":"الكور","cn":"天爐座","cz":"Pec","ir":"کوره","ee":"Ahi","fi":"Sulatusuuni","fr":"Fourneau","de":"Chemischer Ofen","gr":"Κάμινος","it":"Fornace","jp":"ろ座","kr":"화로자리","in":"अश्मंत","ru":"Печь","es":"Horno","tr":"Ocak","il":"תנור","display":[41.9698,-31.6346,66]},"geometry":{"type":"Point","coordinates":[40.5,-28]}},{"type":"Feature","id":"Gem","properties":{"name":"Gemini","desig":"Gem","gen":"Geminorum","rank":"1","en":"Twins","lat":"Gemini","ar":"التوأمان","cn":"雙子座","cz":"Blíženci","ir":"دوپیِکَر","ee":"Kaksikud","fi":"Kaksoset","fr":"Gémeaux","de":"Zwillinge","gr":"Δίδυμοι","it":"Gemelli","jp":"ふたご座","kr":"쌍둥이자리","in":"मिथुन","ru":"Близнецы","es":"Gemelos","tr":"İkizler","il":"תאומים","display":[106.0592,22.6002,67]},"geometry":{"type":"Point","coordinates":[107.25,23.5]}},{"type":"Feature","id":"Gru","properties":{"name":"Grus","desig":"Gru","gen":"Gruis","rank":"3","en":"Crane","lat":"Grus","ar":"الكركي","cn":"天鶴座","cz":"Jeřáb","ir":"دُرنا","ee":"Kurg","fi":"Kurki","fr":"Grue","de":"Kranich","gr":"Γερανός","it":"Gru","jp":"つる座","kr":"두루미자리","in":"बक","ru":"Журавль","es":"Grulla","tr":"Turna","il":"עגור","display":[-23.1517,-46.3518,65]},"geometry":{"type":"Point","coordinates":[-18,-41.5]}},{"type":"Feature","id":"Her","properties":{"name":"Hercules","desig":"Her","gen":"Herculis","rank":"2","en":"Hercules","lat":"Hercules","ar":"الجاثي","cn":"武仙座","cz":"Herkules","ir":"بر زانو نشسته","ee":"Herkules","fi":"Herkules","fr":"Hercule","de":"Herkules","gr":"Ηρακλής","it":"Ercole","jp":"ヘルクレス座","kr":"허큘리스자리","in":"शौरि","ru":"Геркулес","es":"Hércules","tr":"Herkül","il":"הרקולס","display":[-99,27,107]},"geometry":{"type":"Point","coordinates":[-106.5,35]}},{"type":"Feature","id":"Hor","properties":{"name":"Horologium","desig":"Hor","gen":"Horologii","rank":"3","en":"Clock","lat":"Horologium","ar":"الساعة","cn":"時鐘座","cz":"Hodiny","ir":"ساعت","ee":"Kell","fi":"Heilurikello","fr":"Horloge","de":"Pendeluhr","gr":"Ωρολόγιον","it":"Orologio","jp":"とけい座","kr":"시계자리","in":"कालयंत्र","ru":"Часы","es":"Reloj","tr":"Saat","il":"שעון מטוטלת","display":[49.1394,-53.3363,67]},"geometry":{"type":"Point","coordinates":[51,-52]}},{"type":"Feature","id":"Hya","properties":{"name":"Hydra","desig":"Hya","gen":"Hydrae","rank":"2","en":"Sea Serpent","lat":"Hydra","ar":"الحية","cn":"長蛇座","cz":"Hydra","ir":"آب‌مار","ee":"Hüdra","fi":"Vesikäärme","fr":"Hydre Femelle","de":"Wasserschlange","gr":"Ύδρα","it":"Idra femmina","jp":"うみへび座","kr":"바다뱀자리","in":"वासुकि","ru":"Гидра","es":"Hidra","tr":"Suyılanı","il":"נחש מים/N","display":[174,-14,173]},"geometry":{"type":"Point","coordinates":[150,-22]}},{"type":"Feature","id":"Hyi","properties":{"name":"Hydrus","desig":"Hyi","gen":"Hydri","rank":"3","en":"Hydrus","lat":"Hydrus","ar":"ثعبان البحر","cn":"水蛇座","cz":"Malý vodní had","ir":"نَرمار","ee":"Lõunahüdra","fi":"Etelän vesikäärme","fr":"Hydre Mâle","de":"Kleine Männliche Wasserschlange","gr":"Ύδρος","it":"Idra maschio","jp":"みずへび座","kr":"물뱀자리","in":"अलगर्द","ru":"Южная Гидра","es":"Hidra Macho","tr":"Küçük suyılanı","il":"נחש מים קטן","display":[35.1637,-69.9564,102]},"geometry":{"type":"Point","coordinates":[34.5,-72]}},{"type":"Feature","id":"Ind","properties":{"name":"Indus","desig":"Ind","gen":"Indi","rank":"3","en":"Indian","lat":"Indus","ar":"الهندي","cn":"印第安座","cz":"Indián","ir":"هندی","ee":"Indiaanlane","fi":"Intiaani","fr":"Indien","de":"Inder","gr":"Ινδός","it":"Indiano","jp":"インディアン座","kr":"인디언자리","in":"यम","ru":"Индеец","es":"Indio","tr":"Hintli","il":"אינדיאני","display":[-40,-63,75]},"geometry":{"type":"Point","coordinates":[-42,-55.5]}},{"type":"Feature","id":"Lac","properties":{"name":"Lacerta","desig":"Lac","gen":"Lacertae","rank":"3","en":"Lizard","lat":"Lacerta","ar":"العظاءة","cn":"蠍虎座","cz":"Ještěrka","ir":"چَلپاسه","ee":"Sisalik","fi":"Sisilisko","fr":"Lézard","de":"Eidechse","gr":"Σαύρα","it":"Lucertola","jp":"とかげ座","kr":"도마뱀자리","in":"सरठ","ru":"Ящерица","es":"Lagarto","tr":"Kertenkele","il":"לטאה","display":[-23.079,46.0418,50]},"geometry":{"type":"Point","coordinates":[-18,47]}},{"type":"Feature","id":"Leo","properties":{"name":"Leo","desig":"Leo","gen":"Leonis","rank":"1","en":"Lion","lat":"Leo","ar":"الأسد","cn":"獅子座","cz":"Lev","ir":"شیر","ee":"Lõvi","fi":"Leijona","fr":"Lion","de":"Löwe","gr":"Λέων","it":"Leone","jp":"しし座","kr":"사자자리","in":"सिंह","ru":"Лев","es":"León","tr":"Aslan","il":"אריה","display":[160,13,95]},"geometry":{"type":"Point","coordinates":[159,15]}},{"type":"Feature","id":"LMi","properties":{"name":"Leo Minor","desig":"LMi","gen":"Leonis Minoris","rank":"3","en":"Little Lion","lat":"Leo Minor","ar":"الأسد الأصغر","cn":"小獅座","cz":"Malý lev","ir":"شیرِ کِهتَر","ee":"Väike Lõvi","fi":"Pieni leijona","fr":"Petit Lion","de":"Kleiner Löwe","gr":"Λέων Μικρός","it":"Leone Minore","jp":"こじし座","kr":"작은사자자리","in":"लघु सिंह","ru":"Малый Лев","es":"León Menor","tr":"Küçük Aslan","il":"אריה קטן","display":[153.6801,32.1346,61]},"geometry":{"type":"Point","coordinates":[157.5,30]}},{"type":"Feature","id":"Lep","properties":{"name":"Lepus","desig":"Lep","gen":"Leporis","rank":"3","en":"Hare","lat":"Lepus","ar":"الأرنب","cn":"天兔座","cz":"Zajíc","ir":"خرگوش","ee":"Jänes","fi":"Jänis","fr":"Lièvre","de":"Hase","gr":"Λαγωός","it":"Lepre","jp":"うさぎ座","kr":"토끼자리","in":"शशक","ru":"Заяц","es":"Conejo","tr":"Tavşan","il":"ארנבת","display":[83.4875,-19.0463,54]},"geometry":{"type":"Point","coordinates":[88.5,-25]}},{"type":"Feature","id":"Lib","properties":{"name":"Libra","desig":"Lib","gen":"Librae","rank":"2","en":"Balance","lat":"Libra","ar":"الميزان","cn":"天秤座","cz":"Váhy","ir":"ترازو","ee":"Kaalud","fi":"Vaaka","fr":"Balance","de":"Waage","gr":"Ζυγός","it":"Bilancia","jp":"てんびん座","kr":"천칭자리","in":"तुळ","ru":"Весы","es":"Balanza","tr":"Terazi","il":"מאזניים","display":[-132.0099,-15.2346,60]},"geometry":{"type":"Point","coordinates":[-129,-26]}},{"type":"Feature","id":"Lup","properties":{"name":"Lupus","desig":"Lup","gen":"Lupi","rank":"3","en":"Wolf","lat":"Lupus","ar":"السبع","cn":"豺狼座","cz":"Vlk","ir":"گُرگ","ee":"Hunt","fi":"Susi","fr":"Loup","de":"Wolf","gr":"Λύκος","it":"Lupo","jp":"おおかみ座","kr":"이리자리","in":"वृक","ru":"Волк","es":"Lobo","tr":"Kurt","il":"זאב","display":[-131.6985,-42.7089,63]},"geometry":{"type":"Point","coordinates":[-131.25,-35]}},{"type":"Feature","id":"Lyn","properties":{"name":"Lynx","desig":"Lyn","gen":"Lyncis","rank":"3","en":"Lynx","lat":"Lynx","ar":"الوشق","cn":"天貓座","cz":"Rys","ir":"سیاه‌گوش","ee":"Ilves","fi":"Ilves","fr":"Lynx","de":"Luchs","gr":"Λυγξ","it":"Lince","jp":"やまねこ座","kr":"살쾡이자리","in":"गवय","ru":"Рысь","es":"Lince","tr":"Vaşak","il":"לינקס","display":[119.8833,47.4666,87]},"geometry":{"type":"Point","coordinates":[121.5,49]}},{"type":"Feature","id":"Lyr","properties":{"name":"Lyra","desig":"Lyr","gen":"Lyrae","rank":"2","en":"Lyre","lat":"Lyra","ar":"القيثارة","cn":"天琴座","cz":"Lyra","ir":"چَنگِ رومی","ee":"Lüüra","fi":"Lyyra","fr":"Lyre","de":"Leier","gr":"Λύρα","it":"Lira","jp":"こと座","kr":"거문고자리","in":"स्वरमंडळ","ru":"Лира","es":"Lira","tr":"Çalgı","il":"נבל","display":[-77.2067,36.6893,54]},"geometry":{"type":"Point","coordinates":[-81,30]}},{"type":"Feature","id":"Men","properties":{"name":"Mensa","desig":"Men","gen":"Mensae","rank":"3","en":"Mensa","lat":"Mensa","ar":"الجبل","cn":"山案座","cz":"Tabulová hora","ir":"کوه‌میز","ee":"Lavamägi","fi":"Pöytävuori","fr":"Table","de":"Tafelberg","gr":"Τράπεζα","it":"Mensa","jp":"テーブルさん座","kr":"테이블산자리","in":"त्रिकुट","ru":"Столовая Гора","es":"Mesa","tr":"Masa","il":"הר השולחן","display":[81.2238,-77.5041,101]},"geometry":{"type":"Point","coordinates":[82.5,-80]}},{"type":"Feature","id":"Mic","properties":{"name":"Microscopium","desig":"Mic","gen":"Microscopii","rank":"3","en":"Microscope","lat":"Microscopium","ar":"المجهر","cn":"顯微鏡座","cz":"Mikroskop","ir":"ریزبین","ee":"Mikroskoop","fi":"Mikroskooppi","fr":"Microscope","de":"Mikroskop","gr":"Μικροσκόπιον","it":"Microscopio","jp":"けんびきょう座","kr":"현미경자리","in":"सूक्ष्मदर्शी","ru":"Микроскоп","es":"Microscopio","tr":"Mikroskop","il":"מיקרוסקופ","display":[-45.5299,-36.2748,50]},"geometry":{"type":"Point","coordinates":[-43.5,-37]}},{"type":"Feature","id":"Mon","properties":{"name":"Monoceros","desig":"Mon","gen":"Monocerotis","rank":"2","en":"Unicorn","lat":"Monoceros","ar":"وحيد القرن","cn":"麒麟座","cz":"Jednorožec","ir":"تک‌شاخ","ee":"Ükssarvik","fi":"Yksisarvinen","fr":"Licorne","de":"Einhorn","gr":"Μονόκερως","it":"Unicorno","jp":"いっかくじゅう座","kr":"외뿔소자리","in":"शृंगाश्व","ru":"Единорог","es":"Unicornio","tr":"Tekboynuz","il":"חד קרן","display":[105,0,73]},"geometry":{"type":"Point","coordinates":[114.75,-6]}},{"type":"Feature","id":"Mus","properties":{"name":"Musca","desig":"Mus","gen":"Muscae","rank":"3","en":"Fly","lat":"Musca","ar":"الذبابة","cn":"蒼蠅座","cz":"Moucha","ir":"مَگَس","ee":"Kärbes","fi":"Kärpänen","fr":"Mouche","de":"Fliege","gr":"Μυία","it":"Mosca","jp":"はえ座","kr":"파리자리","in":"मक्षिका","ru":"Муха","es":"Mosca","tr":"Sinek","il":"זבוב","display":[-171.1808,-70.161,73]},"geometry":{"type":"Point","coordinates":[-165,-73]}},{"type":"Feature","id":"Nor","properties":{"name":"Norma","desig":"Nor","gen":"Normae","rank":"3","en":"Level","lat":"Norma","ar":"مربع النجار","cn":"矩尺座","cz":"Pravítko","ir":"چارگوش","ee":"Vinkel","fi":"Kulmaviivoitin","fr":"Règle","de":"Winkelmaß","gr":"Γνώμων","it":"Squadra","jp":"じょうぎ座","kr":"직각자자리","in":"रेखाटणी","ru":"Наугольник","es":"Escuadra","tr":"Cetvel","il":"סרגל","display":[-121.4543,-51.3515,56]},"geometry":{"type":"Point","coordinates":[-117,-52]}},{"type":"Feature","id":"Oct","properties":{"name":"Octans","desig":"Oct","gen":"Octantis","rank":"3","en":"Octant","lat":"Octans","ar":"الثمن","cn":"南極座","cz":"Oktant","ir":"هَشتَک","ee":"Oktant","fi":"Oktantti","fr":"Octant","de":"Oktant","gr":"Οκτάς","it":"Ottante","jp":"はちぶんぎ座","kr":"팔분의자리","in":"अष्टक","ru":"Октант","es":"Bastón","tr":"Sekizlik","il":"אוקטנט","display":[-30,-83,50]},"geometry":{"type":"Point","coordinates":[-60,-80]}},{"type":"Feature","id":"Oph","properties":{"name":"Ophiuchus","desig":"Oph","gen":"Ophiuchi","rank":"2","en":"Ophiuchus","lat":"Ophiuchus","ar":"الحواء","cn":"蛇夫座","cz":"Hadonoš","ir":"ماراَفسای","ee":"Maokandja","fi":"Käärmeenkantaja","fr":"Ophiuchus","de":"Schlangenträger","gr":"Οφιούχος","it":"Ofiucho","jp":"へびつかい座","kr":"뱀주인자리","in":"भुजंगधारी","ru":"Змееносец","es":"Ofiuco","tr":"Yılancı","il":"נושא הנחש","display":[-99,-7,105]},"geometry":{"type":"Point","coordinates":[-102,3]}},{"type":"Feature","id":"Ori","properties":{"name":"Orion","desig":"Ori","gen":"Orionis","rank":"1","en":"Orion","lat":"Orion","ar":"الجبار","cn":"獵戶座","cz":"Orion","ir":"شکارچی","ee":"Orion","fi":"Orion","fr":"Orion","de":"Orion","gr":"Ωρίων","it":"Orione","jp":"オリオン座","kr":"오리온자리","in":"मृग","ru":"Орион","es":"Orión","tr":"Avcı","il":"אוריון","display":[83,6,75]},"geometry":{"type":"Point","coordinates":[84,13]}},{"type":"Feature","id":"Pav","properties":{"name":"Pavo","desig":"Pav","gen":"Pavonis","rank":"2","en":"Peacock","lat":"Pavo","ar":"الطاووس","cn":"孔雀座","cz":"Páv","ir":"طاووس","ee":"Paabulind","fi":"Riikinkukko","fr":"Paon","de":"Pfau","gr":"Ταώς","it":"Pavone","jp":"くじゃく座","kr":"공작자리","in":"मयुर","ru":"Павлин","es":"Pavo","tr":"Tavus","il":"טווס","display":[-65.8235,-65.7815,93]},"geometry":{"type":"Point","coordinates":[-63,-62]}},{"type":"Feature","id":"Peg","properties":{"name":"Pegasus","desig":"Peg","gen":"Pegasi","rank":"1","en":"Pegasus","lat":"Pegasus","ar":"الفرس الأعظم","cn":"飛馬座","cz":"Pegas","ir":"اسب بال‌دار","ee":"Pegasus","fi":"Pegasus","fr":"Pégase","de":"Pegasus","gr":"Πήγασος","it":"Pegaso","jp":"ペガスス座","kr":"페가수스자리","in":"उच्चै:श्रवा","ru":"Пегас","es":"Pegaso","tr":"Kanatlıat","il":"פגסוס","display":[-19,19,95]},"geometry":{"type":"Point","coordinates":[-25.5,16]}},{"type":"Feature","id":"Per","properties":{"name":"Perseus","desig":"Per","gen":"Persei","rank":"1","en":"Perseus","lat":"Perseus","ar":"حامل رأس الغول","cn":"英仙座","cz":"Perseus","ir":"پَرساوُش","ee":"Perseus","fi":"Perseus","fr":"Persée","de":"Perseus","gr":"Περσεύς","it":"Perseo","jp":"ペルセウス座","kr":"페르세우스자리","in":"ययाती","ru":"Персей","es":"Perseo","tr":"Kahraman","il":"פרסאוס","display":[47.6241,45.0132,85]},"geometry":{"type":"Point","coordinates":[66,45]}},{"type":"Feature","id":"Phe","properties":{"name":"Phoenix","desig":"Phe","gen":"Phoenicis","rank":"2","en":"Phoenix","lat":"Phoenix","ar":"العنقاء","cn":"鳳凰座","cz":"Fénix","ir":"سیمرغ","ee":"Fööniks","fi":"Feeniks","fr":"Phénix","de":"Phoenix","gr":"Φοίνιξ","it":"Fenice","jp":"ほうおう座","kr":"봉황자리","in":"जटायू","ru":"Феникс","es":"Fénix","tr":"Anka","il":"עוף החול","display":[-346.0216,-48.5762,80]},"geometry":{"type":"Point","coordinates":[16.5,-43]}},{"type":"Feature","id":"Pic","properties":{"name":"Pictor","desig":"Pic","gen":"Pictoris","rank":"3","en":"Painter","lat":"Pictor","ar":"آلة الرسام","cn":"繪架座","cz":"Malíř","ir":"سه‌پایه","ee":"Maalija","fi":"Maalari","fr":"Peintre","de":"Maler","gr":"Οκρίβας","it":"Pittore","jp":"がか座","kr":"화가자리","in":"चित्रफलक","ru":"Живописец","es":"Paleta del Pintor","tr":"Ressam","il":"כן ציור","display":[85.6144,-53.4741,70]},"geometry":{"type":"Point","coordinates":[82.5,-50]}},{"type":"Feature","id":"Psc","properties":{"name":"Pisces","desig":"Psc","gen":"Piscium","rank":"2","en":"Fishes","lat":"Pisces","ar":"الحوت","cn":"雙魚座","cz":"Ryby","ir":"دوماهی","ee":"Kalad","fi":"Kalat","fr":"Poissons","de":"Fische","gr":"Ιχθύες","it":"Pesci","jp":"うお座","kr":"물고기자리","in":"मीन","ru":"Рыбы","es":"Peces","tr":"Balık","il":"דגים","display":[-353,14,125]},"geometry":{"type":"Point","coordinates":[19.5,15]}},{"type":"Feature","id":"PsA","properties":{"name":"Piscis Austrinus","desig":"PsA","gen":"Piscis Austrini","rank":"2","en":"Southern Fish","lat":"Piscis Austrinus","ar":"الحوت الجنوبي","cn":"南魚座","cz":"Jižní ryba","ir":"ماهیِ نیم‌روزی","ee":"Lõunakala","fi":"Etelän kala","fr":"Poisson Austral","de":"Südlicher Fisch","gr":"Ιχθύς Νότιος","it":"Pesce Australe","jp":"みなみのうお座","kr":"남쪽물고기자리","in":"दक्षिण मत्स्य","ru":"Южная Рыба","es":"Pez Austral","tr":"Güneybalığı","il":"דג דרומי","display":[-25.7324,-30.6422,60]},"geometry":{"type":"Point","coordinates":[-27,-29]}},{"type":"Feature","id":"Pup","properties":{"name":"Puppis","desig":"Pup","gen":"Puppis","rank":"2","en":"Poop Deck","lat":"Puppis","ar":"الكوثل","cn":"船尾座","cz":"Lodní záď","ir":"کشتی‌دُم","ee":"Ahter","fi":"Peräkeula","fr":"Poupe","de":"Achterdeck","gr":"Πρύμνη","it":"Poppa","jp":"とも座","kr":"고물자리","in":"नौका अरित्र","ru":"Корма","es":"Popa","tr":"Pupa","il":"ירכתי הספינה","display":[109,-31,91]},"geometry":{"type":"Point","coordinates":[111,-46]}},{"type":"Feature","id":"Pyx","properties":{"name":"Pyxis","desig":"Pyx","gen":"Pyxidis","rank":"3","en":"Compass","lat":"Pyxis","ar":"بيت الإبرة","cn":"羅盤座","cz":"Kompas","ir":"قطب‌نما","ee":"Kompass","fi":"Kompassi","fr":"Boussole","de":"Schiffskompass","gr":"Πυξίς","it":"Bussola","jp":"らしんばん座","kr":"나침반자리","in":"दिग्दर्शक","ru":"Компас","es":"Brújula","tr":"Kumpas","il":"מצפן","display":[134.2911,-27.3516,50]},"geometry":{"type":"Point","coordinates":[132,-24]}},{"type":"Feature","id":"Ret","properties":{"name":"Reticulum","desig":"Ret","gen":"Reticuli","rank":"3","en":"Net","lat":"Reticulum","ar":"الشبكة","cn":"網罟座","cz":"Síť","ir":"تاربَست","ee":"Võrk","fi":"Verkko","fr":"Réticule","de":"Netz","gr":"Δίκτυον","it":"Reticolo","jp":"レチクル座","kr":"그물자리","in":"जाल","ru":"Сетка","es":"Retículo","tr":"Ağcık","il":"רשת","display":[58.8186,-59.9975,56]},"geometry":{"type":"Point","coordinates":[55.5,-61]}},{"type":"Feature","id":"Sge","properties":{"name":"Sagitta","desig":"Sge","gen":"Sagittae","rank":"3","en":"Arrow","lat":"Sagitta","ar":"السهم","cn":"天箭座","cz":"Šíp","ir":"پیکان","ee":"Nool","fi":"Nuoli","fr":"Flèche","de":"Pfeil","gr":"Βέλος","it":"Freccia","jp":"や座","kr":"화살자리","in":"शर","ru":"Стрела","es":"Flecha","tr":"Okçuk","il":"חץ","display":[-65.237,18.8614,56]},"geometry":{"type":"Point","coordinates":[-69,18]}},{"type":"Feature","id":"Sgr","properties":{"name":"Sagittarius","desig":"Sgr","gen":"Sagittarii","rank":"1","en":"Archer","lat":"Sagittarius","ar":"الرامي","cn":"人馬座","cz":"Střelec","ir":"نیم‌اسب","ee":"Ambur","fi":"Jousimies","fr":"Sagittaire","de":"Schütze","gr":"Τοξότης","it":"Sagittario","jp":"いて座","kr":"궁수자리","in":"धनु","ru":"Стрелец","es":"Sagitario","tr":"Yay","il":"קשת","display":[-73.5153,-28.4769,76]},"geometry":{"type":"Point","coordinates":[-67.5,-34]}},{"type":"Feature","id":"Sco","properties":{"name":"Scorpius","desig":"Sco","gen":"Scorpii","rank":"1","en":"Scorpion","lat":"Scorpius","ar":"العقرب","cn":"天蠍座","cz":"Štír","ir":"کَژدُم","ee":"Skorpion","fi":"Skorpioni","fr":"Scorpion","de":"Skorpion","gr":"Σκορπιός","it":"Scorpione","jp":"さそり座","kr":"전갈자리","in":"वृश्चिक","ru":"Скорпион","es":"Escorpión","tr":"Akrep","il":"עקרב","display":[-106,-32,73]},"geometry":{"type":"Point","coordinates":[-111,-38]}},{"type":"Feature","id":"Scl","properties":{"name":"Sculptor","desig":"Scl","gen":"Sculptoris","rank":"3","en":"Sculptor","lat":"Sculptor","ar":"معمل النحات","cn":"玉夫座","cz":"Sochař","ir":"سنگ‌تراش","ee":"Kujur","fi":"Kuvanveistäjä","fr":"Sculpteur","de":"Bildhauer","gr":"Γλύπτης","it":"Scultore","jp":"ちょうこくしつ座","kr":"조각가자리","in":"पाषाणकुट्टक","ru":"Скульптор","es":"Escultor","tr":"Heykeltraş","il":"פסל","display":[-353.4301,-32.0884,75]},"geometry":{"type":"Point","coordinates":[1.5,-33]}},{"type":"Feature","id":"Sct","properties":{"name":"Scutum","desig":"Sct","gen":"Scuti","rank":"3","en":"Shield","lat":"Scutum","ar":"الترس","cn":"盾牌座","cz":"Štít","ir":"سِپَر","ee":"Kilp","fi":"Kilpi","fr":"Écu de Sobieski","de":"Schild","gr":"Ασπίς","it":"Scudo","jp":"たて座","kr":"방패자리","in":"फलक","ru":"Щит","es":"Escudo","tr":"Kalkan","il":"מגן","display":[-79.9036,-9.8886,44]},"geometry":{"type":"Point","coordinates":[-78,-12.5]}},{"type":"Feature","id":"Ser","properties":{"name":"Serpens Caput","desig":"Ser","gen":"Serpentis","rank":"3","en":"Serpent","lat":"Serpens","ar":"الحية","cn":"巨蛇座","cz":"Had","ir":"افعی","ee":"Madu","fi":"Käärme","fr":"Serpent","de":"Schlange","gr":"Όφις","it":"Serpente","jp":"へび座","kr":"뱀자리","in":"भुजंग","ru":"Змея","es":"Serpiente","tr":"Yılan","il":"נחש","display":[-104,5,145]},"geometry":{"type":"Point","coordinates":[-127.5,5]}},{"type":"Feature","id":"Ser","properties":{"name":"Serpens Cauda","desig":"Ser","gen":"Serpentis","rank":"3","en":"Serpent","lat":"Serpens","ar":"الحية","cn":"巨蛇座","cz":"Had","ir":"افعی","ee":"Madu","fi":"Käärme","fr":"Serpent","de":"Schlange","gr":"Όφις","it":"Serpente","jp":"へび座","kr":"뱀자리","in":"भुजंग","ru":"Змея","es":"Serpiente","tr":"Yılan","il":"נחש","display":[-104,5,145]},"geometry":{"type":"Point","coordinates":[-79.5,3]}},{"type":"Feature","id":"Sex","properties":{"name":"Sextans","desig":"Sex","gen":"Sextantis","rank":"3","en":"Sextant","lat":"Sextans","ar":"السدس","cn":"六分儀座","cz":"Sextant","ir":"سِکِستان","ee":"Sekstant","fi":"Sekstantti","fr":"Sextant","de":"Sextant","gr":"Εξάς","it":"Sestante","jp":"ろくぶんぎ座","kr":"육분의자리","in":"षडंश","ru":"Секстант","es":"Sextante","tr":"Altılık","il":"סקסטנט","display":[154.0731,-2.6147,53]},"geometry":{"type":"Point","coordinates":[157.5,-7]}},{"type":"Feature","id":"Tau","properties":{"name":"Taurus","desig":"Tau","gen":"Tauri","rank":"1","en":"Bull","lat":"Taurus","ar":"الثور","cn":"金牛座","cz":"Býk","ir":"گاو","ee":"Sõnn","fi":"Härkä","fr":"Taureau","de":"Stier","gr":"Ταύρος","it":"Toro","jp":"おうし座","kr":"황소자리","in":"वृषभ","ru":"Телец","es":"Toro","tr":"Boğa","il":"שור","display":[70,15,94]},"geometry":{"type":"Point","coordinates":[54,15]}},{"type":"Feature","id":"Tel","properties":{"name":"Telescopium","desig":"Tel","gen":"Telescopii","rank":"3","en":"Telescope","lat":"Telescopium","ar":"المرقب","cn":"望遠鏡座","cz":"Dalekohled","ir":"تِلِسکوپ","ee":"Teleskoop","fi":"Kaukoputki","fr":"Télescope","de":"Teleskop","gr":"Τηλεσκόπιον","it":"Telescopio","jp":"ぼうえんきょう座","kr":"망원경자리","in":"दूरदर्शी","ru":"Телескоп","es":"Telescopio","tr":"Dürbün","il":"טלסקופ","display":[-70.1161,-51.0369,70]},"geometry":{"type":"Point","coordinates":[-82.5,-54]}},{"type":"Feature","id":"Tri","properties":{"name":"Triangulum","desig":"Tri","gen":"Trianguli","rank":"3","en":"Triangle","lat":"Triangulum","ar":"المثلث","cn":"三角座","cz":"Trojúhelník","ir":"سه‌گوش","ee":"Kolmnurk","fi":"Kolmio","fr":"Triangle","de":"Dreieck","gr":"Τρίγωνον","it":"Triangolo","jp":"さんかく座","kr":"삼각형자리","in":"त्रिकोण","ru":"Треугольник","es":"Triángulo","tr":"Üçgen","il":"משולש","display":[32.7664,31.4761,55]},"geometry":{"type":"Point","coordinates":[27,34]}},{"type":"Feature","id":"TrA","properties":{"name":"Triangulum Australe","desig":"TrA","gen":"Trianguli Australis","rank":"2","en":"Southern Triangle","lat":"Triangulum Australe","ar":"المثلث الجنوبي","cn":"南三角座","cz":"Jižní trojúhelník","ir":"سه‌گوشِ جنوبی","ee":"Lõunakolmnurk","fi":"Etelän kolmio","fr":"Triangle Austral","de":"Südliches Dreieck","gr":"Τρίγωνον Νότιον","it":"Triangolo Australe","jp":"みなみのさんかく座","kr":"남쪽삼각형자리","in":"दक्षिण त्रिकोण","ru":"Южный Треугольник","es":"Triángulo Austral","tr":"Güney Üçgeni","il":"משולש צפוני","display":[-118.7628,-65.388,69]},"geometry":{"type":"Point","coordinates":[-120,-67.5]}},{"type":"Feature","id":"Tuc","properties":{"name":"Tucana","desig":"Tuc","gen":"Tucanae","rank":"3","en":"Toucan","lat":"Tucana","ar":"الطوقان","cn":"杜鵑座","cz":"Tukan","ir":"توکایی","ee":"Tuukan","fi":"Tukaani","fr":"Toucan","de":"Tukan","gr":"Τουκάνα","it":"Tucano","jp":"きょしちょう座","kr":"큰부리새자리","in":"कारंडव","ru":"Тукан","es":"Tucán","tr":"Tukan","il":"טוקאן","display":[-3.34,-65.83,84]},"geometry":{"type":"Point","coordinates":[-12,-64]}},{"type":"Feature","id":"UMa","properties":{"name":"Ursa Major","desig":"UMa","gen":"Ursae Majoris","rank":"1","en":"Big Dipper","lat":"Ursa Maior","ar":"الدب الأكبر","cn":"大熊座","cz":"Velká medvědice","ir":"خِرسِ مِهتَر","ee":"Suur Vanker","fi":"Iso karhu","fr":"Grande Ourse","de":"Großer Bär","gr":"Άρκτος Μεγάλη","it":"Orsa Maggiore","jp":"おおぐま座","kr":"큰곰자리","in":"सप्तर्षी","ru":"Большая Медведица","es":"Osa Mayor","tr":"Büyük Ayı","il":"הדובה הגדולה","display":[169.6902,50.7212,130]},"geometry":{"type":"Point","coordinates":[165,48]}},{"type":"Feature","id":"UMi","properties":{"name":"Ursa Minor","desig":"UMi","gen":"Ursae Minoris","rank":"2","en":"Little Dipper","lat":"Ursa Minor","ar":"الدب الأصغر","cn":"小熊座","cz":"Malý medvěd","ir":"خِرسِ کِهتَر","ee":"Väike Vanker","fi":"Pieni karhu","fr":"Petite Ourse","de":"Kleiner Bär","gr":"Άρκτος Μικρή","it":"Orsa Minore","jp":"こぐま座","kr":"작은곰자리","in":"लघु ऋक्ष","ru":"Малая Медведица","es":"Osa Menor","tr":"Küçük Ayı","il":"הדובה הקטנה","display":[-140,78,42]},"geometry":{"type":"Point","coordinates":[-133.5,68]}},{"type":"Feature","id":"Vel","properties":{"name":"Vela","desig":"Vel","gen":"Velorum","rank":"2","en":"Sails","lat":"Vela","ar":"الشجاع","cn":"船帆座","cz":"Plachty","ir":"بادبان‌ها","ee":"Purjed","fi":"Purje","fr":"Voiles","de":"Segel","gr":"Ιστία","it":"Vela","jp":"ほ座","kr":"돛자리","in":"नौ-शीर्ष","ru":"Паруса","es":"Vela","tr":"Yelken","il":"מפרש","display":[143.6591,-47.1672,81]},"geometry":{"type":"Point","coordinates":[143.25,-46]}},{"type":"Feature","id":"Vir","properties":{"name":"Virgo","desig":"Vir","gen":"Virginis","rank":"1","en":"Virgin","lat":"Virgo","ar":"العذراء","cn":"處女座","cz":"Panna","ir":"خوشه","ee":"Neitsi","fi":"Neitsyt","fr":"Vierge","de":"Jungfrau","gr":"Παρθένος","it":"Vergine","jp":"おとめ座","kr":"처녀자리","in":"कन्या","ru":"Дева","es":"Virgen","tr":"Başak","il":"בתולה","display":[-158,-4,120]},"geometry":{"type":"Point","coordinates":[-160.5,-4]}},{"type":"Feature","id":"Vol","properties":{"name":"Volans","desig":"Vol","gen":"Volantis","rank":"3","en":"Flying Fish","lat":"Volans","ar":"السمكة الطائرة","cn":"飛鱼座","cz":"Létající ryba","ir":"ماهیِ پرنده","ee":"Lendkala","fi":"Lentokala","fr":"Poisson Volant","de":"Fliegender Fisch","gr":"Ιχθύς Ιπτάμενος","it":"Pesce volante","jp":"とびうお座","kr":"날치자리","in":"तिमि","ru":"Летучая Рыба","es":"Pez Volador","tr":"Uçanbalık","il":"דג מעופף","display":[116.9327,-69.8012,73]},"geometry":{"type":"Point","coordinates":[111,-73]}},{"type":"Feature","id":"Vul","properties":{"name":"Vulpecula","desig":"Vul","gen":"Vulpeculae","rank":"3","en":"Little Fox","lat":"Vulpecula","ar":"الثعلب","cn":"狐狸座","cz":"Lištička","ir":"روباه","ee":"Rebane","fi":"Kettu","fr":"Petit Renard","de":"Fuchs","gr":"Αλώπηξ","it":"Volpetta","jp":"こぎつね座","kr":"작은여우자리","in":"जंबुक","ru":"Лисичка","es":"Zorro","tr":"Tilkicik","il":"שועלון","display":[-56.5304,24.4427,73]},"geometry":{"type":"Point","coordinates":[-64.5,21]}}]}