{"type":"FeatureCollection","features":[{"type":"Feature","id":"1","properties":{},"geometry":{"type":"Polygon","coordinates":[[0,90],[56.2185,24.1132],[0,-90],[67.155,19.1802],[0,90]]}},{"type":"Feature","id":"2","properties":{},"geometry":{"type":"Polygon","coordinates":[[0,90],[-13.809,15.2052],[0,-90],[3.309,15.1836],[0,90]]}},{"type":"Feature","id":"3","properties":{},"geometry":{"type":"Polygon","coordinates":[[0,90],[83.784,9.9341],[0,-90],[85.1895,-1.9426],[0,90]]}},{"type":"Feature","id":"4","properties":{},"geometry":{"type":"Polygon","coordinates":[[0,90],[-146.7765,-10.2729],[0,-90],[-137.2815,-16.0421],[0,90]]}},{"type":"Feature","id":"5","properties":{},"geometry":{"type":"Polygon","coordinates":[[0,90],[-88.548,-30.4252],[0,-90],[-78.585,-26.9908],[0,90]]}},{"type":"Feature","id":"6","properties":{},"geometry":{"type":"Polygon","coordinates":[[0,90],[-137.2815,-16.0421],[0,-90],[-120.2865,-26.1142],[0,90]]}},{"type":"Feature","id":"7","properties":{},"geometry":{"type":"Polygon","coordinates":[[0,90],[95.7405,22.5132],[0,-90],[127.899,18.0941],[0,90]]}},{"type":"Feature","id":"8","properties":{},"geometry":{"type":"Polygon","coordinates":[[0,90],[-107.0325,-38.0475],[0,-90],[-88.548,-30.4252],[0,90]]}},{"type":"Feature","id":"9","properties":{},"geometry":{"type":"Polygon","coordinates":[[0,90],[-176.049,-17.5419],[0,-90],[null,null],[null,null]]}},{"type":"Feature","id":"10","properties":{},"geometry":{"type":"Polygon","coordinates":[[0,90],[85.1895,-1.9426],[0,-90],[95.7405,22.5132],[0,90]]}},{"type":"Feature","id":"11","properties":{},"geometry":{"type":"Polygon","coordinates":[[0,90],[-158.7015,-11.1615],[0,-90],[-146.7765,-10.2729],[0,90]]}},{"type":"Feature","id":"12","properties":{},"geometry":{"type":"Polygon","coordinates":[[0,90],[3.309,15.1836],[0,-90],[14.301,24.4174],[0,90]]}},{"type":"Feature","id":"13","properties":{},"geometry":{"type":"Polygon","coordinates":[[0,90],[127.899,18.0941],[0,-90],[129.414,5.7038],[0,90]]}},{"type":"Feature","id":"14","properties":{},"geometry":{"type":"Polygon","coordinates":[[0,90],[14.301,24.4174],[0,-90],[28.6605,20.8078],[0,90]]}},{"type":"Feature","id":"15","properties":{},"geometry":{"type":"Polygon","coordinates":[[0,90],[40.863,27.7071],[0,-90],[56.2185,24.1132],[0,90]]}},{"type":"Feature","id":"16","properties":{},"geometry":{"type":"Polygon","coordinates":[[0,90],[-78.585,-26.9908],[0,-90],[-54.747,-14.7814],[0,90]]}},{"type":"Feature","id":"17","properties":{},"geometry":{"type":"Polygon","coordinates":[[0,90],[-54.747,-14.7814],[0,-90],[-48.081,-9.496],[0,90]]}},{"type":"Feature","id":"18","properties":{},"geometry":{"type":"Polygon","coordinates":[[0,90],[-28.554,-0.3199],[0,-90],[-13.809,15.2052],[0,90]]}},{"type":"Feature","id":"23","properties":{},"geometry":{"type":"Polygon","coordinates":[[0,90],[-37.11,-5.5712],[0,-90],[-28.554,-0.3199],[0,90]]}},{"type":"Feature","id":"24","properties":{},"geometry":{"type":"Polygon","coordinates":[[0,90],[-114.7035,-25.5929],[0,-90],[-107.0325,-38.0475],[0,90]]}},{"type":"Feature","id":"25","properties":{},"geometry":{"type":"Polygon","coordinates":[[0,90],[28.6605,20.8078],[0,-90],[40.863,27.7071],[0,90]]}},{"type":"Feature","id":"26","properties":{},"geometry":{"type":"Polygon","coordinates":[[0,90],[-120.2865,-26.1142],[0,-90],[-114.7035,-25.5929],[0,90]]}},{"type":"Feature","id":"27","properties":{},"geometry":{"type":"Polygon","coordinates":[[0,90],[129.414,5.7038],[0,-90],[141.897,-8.6584],[0,90]]}},{"type":"Feature","id":"28","properties":{},"geometry":{"type":"Polygon","coordinates":[[0,90],[-48.081,-9.496],[0,-90],[-37.11,-5.5712],[0,90]]}},{"type":"Feature","id":"29","properties":{},"geometry":{"type":"Polygon","coordinates":[[0,90],[147.87,-14.8467],[0,-90],[164.9415,-18.2979],[0,90]]}},{"type":"Feature","id":"30","properties":{},"geometry":{"type":"Polygon","coordinates":[[0,90],[141.897,-8.6584],[0,-90],[147.87,-14.8467],[0,90]]}},{"type":"Feature","id":"31","properties":{},"geometry":{"type":"Polygon","coordinates":[[0,90],[164.9415,-18.2979],[0,-90],[-176.049,-17.5419],[0,90]]}},{"type":"Feature","id":"34","properties":{},"geometry":{"type":"Polygon","coordinates":[[0,90],[67.155,19.1802],[0,-90],[83.784,9.9341],[0,90]]}}]}