{"NGC224":{"name":"奎宿增廿一\")  ","desig":"NGC 224 ","en":"Legs Added XXI","pinyin":"Kuíxiù zēng XXI"},"NGC2632":{"name":"积尸","desig":"NGC 2632 ","en":"Cumulative Corpses","pinyin":"JīShī"},"NGC3372":{"name":"海山二","desig":"NGC 3372 ","en":"Sea and Mountain II","pinyin":"Hǎishān II"},"NGC5139":{"name":"库楼增一\") ","desig":"NGC 5139 ","en":"Arsenal Added I","pinyin":"Kùlóu zēng I"},"NGC6231":{"name":"神宫\") ","desig":"NGC 6231 ","en":"Changing Room","pinyin":"Shéngōng"},"NGC6475":{"name":"鱼","desig":"NGC 6475 ","en":"Fish","pinyin":"Yú"}}